,user_stage,number_of_inquiries,booking_rate,number_of_inquiries2,booking_rate2,number_of_inquiries3,booking_rate3
0,new,8550,0.06070175438596491,4007,0.4641876715747442,2732,1.0
1,past_booker,3810,0.09055118110236221,3635,0.5026134800550206,3659,1.0
