guest_size_bin,guest_size_bin,number_of_inquiries,booking_rate,number_of_inquiries2,booking_rate2,number_of_inquiries3,booking_rate3
1,1,2774,0.0695746214852199,3205.0,0.48861154446177846,2909.0,1.0
2,2,3921,0.08084672277480234,1922.0,0.459417273673257,1515.0,1.0
3-4,3-4,3357,0.06761989871909443,606.0,0.44224422442244227,403.0,1.0
5-6,5-6,1545,0.05889967637540453,189.0,0.37037037037037035,100.0,1.0
7-8,7-8,484,0.049586776859504134,59.0,0.3559322033898305,18.0,1.0
9-10,9-10,195,0.05641025641025641,19.0,0.42105263157894735,11.0,1.0
>10,>10,83,0.012048192771084338,,,,
