reply_t_in_m,reply_t_in_m,count(booking_time)*1.0/count(*),cnt
<=1m,<=1m,0.11475409836065574,61
2-10m,2-10m,0.13480392156862744,408
11-30m,11-30m,0.13095238095238096,336
31m-1h,31m-1h,0.06201550387596899,258
1h-3h,1h-3h,0.10596026490066225,453
3-6h,3-6h,0.07142857142857142,294
6-12h,6-12h,0.053763440860215055,465
12-24h,12-24h,0.07084468664850137,367
1-2d,1-2d,0.021052631578947368,190
>2d,>2d,0.02857142857142857,70
